g0607.asc,1,2,2,8978600,8978642,44,945.4,580.8,1421.8,551.1,9.35,343
g0607.asc,1,2,1,8978600,8978646,48,981.3,479.6,1419.8,506.0,8.60,309
g0607.asc,1,2,2,8978776,8978790,16,1439.8,568.1,1478.6,580.4,0.80,75
g0607.asc,1,2,1,8978776,8978790,16,1435.8,512.0,1482.5,528.4,0.97,91
g0607.asc,1,2,2,8979140,8979146,8,1485.7,583.9,1498.7,589.6,0.28,61
g0607.asc,1,2,1,8979140,8979150,12,1502.5,540.1,1522.6,556.4,0.52,65
g0607.asc,1,2,1,8979244,8979306,64,1518.4,567.2,446.0,563.0,20.27,513
g0607.asc,1,2,2,8979244,8979306,64,1504.6,604.1,343.5,577.7,21.96,534
g0607.asc,1,2,2,8979596,8979750,156,362.6,578.8,1392.3,609.5,19.49,600
g0607.asc,1,2,1,8979588,8979786,200,395.6,632.5,1348.0,522.7,18.28,734
g0607.asc,1,2,2,8979892,8979914,24,1367.4,551.8,1495.6,597.0,2.68,177
g0607.asc,1,2,1,8979892,8979918,28,1361.3,466.4,1500.9,535.2,3.10,186
g0607.asc,1,2,1,8979996,8980038,44,1486.2,570.0,981.2,546.8,9.84,387
g0607.asc,1,2,2,8979996,8980038,44,1487.1,611.0,921.2,563.2,11.06,388
g0607.asc,1,2,2,8980072,8980102,32,927.2,566.1,677.6,599.8,4.92,237
g0607.asc,1,2,1,8980072,8980106,36,979.5,510.9,741.5,512.9,4.64,253
g0607.asc,2,2,1,8993416,8993462,48,963.0,486.6,1435.4,564.7,9.38,306
g0607.asc,2,2,2,8993416,8993462,48,931.1,563.1,1450.9,604.7,10.18,348
g0607.asc,2,2,2,8993584,8993594,12,1466.1,610.6,1503.4,613.5,0.72,90
g0607.asc,2,2,1,8993584,8993598,16,1455.0,559.9,1509.9,571.4,1.09,96
g0607.asc,2,2,1,8993756,8993822,68,1521.2,573.5,329.7,592.2,22.32,537
g0607.asc,2,2,2,8993756,8993826,72,1513.5,618.7,251.1,604.2,23.64,539
g0607.asc,2,2,1,8993952,8993966,16,329.1,549.8,401.0,533.0,1.37,120
g0607.asc,2,2,2,8993952,8993970,20,278.0,609.2,359.9,588.6,1.57,136
g0607.asc,2,2,1,8994288,8994346,60,387.9,608.1,824.7,586.9,8.30,246
g0607.asc,2,2,2,8994288,8994346,60,370.6,604.9,805.7,595.6,8.26,256
g0607.asc,2,2,1,8994404,8994442,40,817.3,583.6,509.8,600.9,5.90,271
g0607.asc,2,2,2,8994404,8994446,44,800.1,597.0,456.6,563.5,6.61,274
g0607.asc,2,2,1,8994556,8994578,24,499.6,549.5,331.6,603.5,3.33,207
g0607.asc,2,2,2,8994556,8994582,28,461.0,567.2,293.7,580.3,3.12,181
g0607.asc,2,2,2,8994644,8994702,60,293.4,639.8,111.0,724.7,3.60,127
g0607.asc,2,2,2,8994744,8994786,44,140.8,729.1,362.0,591.1,4.81,189
g0607.asc,2,2,1,8994640,8994814,176,263.0,838.1,363.8,601.1,5.28,291
g0607.asc,2,2,1,8995068,8995098,32,383.3,520.1,530.5,446.8,3.19,163
g0607.asc,2,2,2,8995064,8995098,36,363.2,620.5,492.5,530.9,3.11,157
g0607.asc,3,1,1,9005022,9005028,8,977.0,492.0,975.0,500.7,0.20,46
g0607.asc,3,1,2,9005022,9005028,8,965.3,516.6,958.8,527.4,0.27,52
g0607.asc,3,1,2,9007566,9007572,8,943.2,560.0,930.8,562.2,0.25,50
g0607.asc,3,2,1,9008054,9008100,48,980.4,496.2,1473.5,541.6,9.67,343
g0607.asc,3,2,2,9008054,9008100,48,952.9,566.1,1481.8,571.3,10.32,364
g0607.asc,3,2,1,9008230,9008240,12,1480.2,551.6,1491.8,575.3,0.56,70
g0607.asc,3,2,2,9008230,9008240,12,1479.8,576.3,1482.1,600.9,0.54,67
g0607.asc,3,2,1,9008386,9008452,68,1497.4,573.5,421.1,556.8,20.35,511
g0607.asc,3,2,2,9008386,9008452,68,1488.1,605.2,342.2,570.4,21.67,526
g0607.asc,3,2,2,9008914,9008984,72,364.4,620.8,1552.5,603.6,22.38,586
g0607.asc,3,2,1,9008918,9008996,80,409.7,574.3,1519.7,556.7,20.97,520
g0607.asc,3,2,1,9009198,9009268,72,1513.0,511.4,292.2,619.0,22.89,481
g0607.asc,3,2,2,9009198,9009272,76,1513.2,616.7,222.2,665.1,24.09,487
g0607.asc,3,2,1,9009386,9009408,24,284.1,578.7,418.3,519.0,2.77,205
g0607.asc,3,2,2,9009386,9009412,28,241.5,674.3,390.4,620.3,2.97,221
g0607.asc,3,2,1,9009646,9009684,40,436.7,596.0,902.6,544.8,8.95,364
g0607.asc,3,2,2,9009646,9009684,40,401.9,617.9,909.4,587.4,9.70,401
g0607.asc,4,2,1,9019636,9019678,44,1002.6,503.3,1474.1,597.4,9.43,345
g0607.asc,4,2,2,9019636,9019678,44,962.6,541.9,1476.8,604.9,10.13,361
g0607.asc,4,2,2,9019840,9019846,8,1488.0,608.9,1505.0,611.6,0.33,66
g0607.asc,4,2,1,9019840,9019850,12,1487.7,588.2,1521.2,594.5,0.66,82
g0607.asc,4,2,1,9020008,9020070,64,1515.7,586.5,448.8,590.8,20.15,518
g0607.asc,4,2,2,9020008,9020074,68,1503.5,610.9,349.5,610.2,21.79,541
g0607.asc,4,2,1,9020308,9020314,8,434.0,512.1,414.8,512.4,0.36,70
g0607.asc,4,2,2,9020308,9020318,12,369.9,612.3,343.3,604.1,0.52,65
g0607.asc,4,2,1,9020476,9020546,72,395.5,580.3,1593.3,605.1,22.48,524
g0607.asc,4,2,2,9020476,9020546,72,358.4,603.8,1586.0,637.0,23.04,576
g0607.asc,4,2,2,9020688,9020706,20,1569.1,638.3,1464.9,604.0,2.14,182
g0607.asc,4,2,1,9020688,9020710,24,1576.8,535.0,1480.1,503.6,1.98,163
g0607.asc,4,2,2,9020780,9020870,92,1460.5,610.9,204.1,662.6,23.27,527
g0607.asc,4,2,1,9020772,9020874,104,1481.4,564.0,251.2,780.9,23.26,573
g0607.asc,4,2,1,9020928,9020946,20,266.0,672.1,402.9,610.7,2.82,230
g0607.asc,4,2,2,9020924,9020950,28,224.1,607.6,385.7,560.1,3.12,245
g0607.asc,5,1,2,9028660,9028666,8,957.0,558.4,942.7,557.0,0.28,51
g0607.asc,5,2,1,9030884,9030930,48,969.0,521.0,1472.9,572.0,9.90,358
g0607.asc,5,2,2,9030884,9030930,48,948.1,561.4,1497.8,587.4,10.74,354
g0607.asc,5,2,1,9031232,9031294,64,1501.4,567.9,402.5,574.1,20.77,518
g0607.asc,5,2,2,9031236,9031298,64,1505.9,596.0,327.4,583.9,22.24,543
g0607.asc,5,2,1,9031500,9031506,8,392.9,553.0,408.3,547.5,0.31,67
g0607.asc,5,2,2,9031500,9031510,12,359.1,603.4,380.3,592.0,0.46,60
g0607.asc,5,2,2,9031656,9031738,84,390.7,578.0,1559.3,781.5,22.30,593
g0607.asc,5,2,1,9031656,9031742,88,397.2,590.5,1515.2,772.6,21.27,505
g0607.asc,5,2,2,9031892,9031914,24,1528.6,634.4,1366.2,596.0,3.25,223
g0607.asc,5,2,1,9031892,9031918,28,1512.7,580.1,1341.0,543.4,3.42,226
g0607.asc,5,2,1,9031948,9032010,64,1336.1,545.1,357.3,585.0,18.58,467
g0607.asc,5,2,2,9031948,9032014,68,1354.3,582.1,308.0,558.5,19.82,480
g0607.asc,5,2,2,9032176,9032190,16,335.8,582.8,402.7,579.2,1.24,122
g0607.asc,5,2,1,9032176,9032194,20,360.4,535.6,437.4,538.7,1.43,114
g0607.asc,5,2,2,9032276,9032338,64,423.0,576.4,1425.9,696.7,19.15,539
g0607.asc,5,2,1,9032272,9032342,72,418.3,602.9,1393.7,680.6,18.55,493
g0607.asc,5,2,1,9032552,9032574,24,1391.6,506.0,1493.7,545.2,2.15,151
g0607.asc,5,2,2,9032552,9032574,24,1415.7,589.8,1523.1,602.8,2.10,164
g0607.asc,6,1,2,9039310,9039316,8,1004.3,519.0,998.4,528.3,0.24,45
g0607.asc,6,1,2,9039470,9039476,8,979.9,532.0,968.8,535.3,0.23,48
g0607.asc,6,2,1,9042530,9042576,48,982.4,510.8,1486.3,586.1,9.96,318
g0607.asc,6,2,2,9042530,9042576,48,936.8,563.4,1486.1,604.8,10.75,374
g0607.asc,6,2,1,9042810,9042828,20,1495.9,583.5,1487.9,599.0,0.37,61
g0607.asc,6,2,2,9042818,9042828,12,1497.4,627.8,1475.3,628.1,0.43,61
g0607.asc,6,2,1,9042898,9042960,64,1476.6,596.9,444.2,591.3,19.52,505
g0607.asc,6,2,2,9042898,9042960,64,1463.3,631.7,368.2,629.9,20.70,526
g0607.asc,6,2,1,9043298,9043384,88,427.1,547.9,1564.5,863.1,22.16,576
g0607.asc,6,2,2,9043314,9043428,116,392.1,628.5,1579.7,653.8,22.33,567
g0607.asc,6,2,1,9043410,9043440,32,1533.1,768.5,1507.7,639.2,2.80,118
g0607.asc,6,2,1,9043570,9043580,12,1551.7,425.2,1526.2,425.6,0.49,62
g0607.asc,6,2,2,9043570,9043580,12,1528.0,615.5,1495.1,621.9,0.65,82
g0607.asc,7,1,1,9050636,9050654,20,1029.3,531.9,965.4,545.8,1.30,99
g0607.asc,7,1,2,9050636,9050654,20,1082.5,460.3,988.6,488.5,1.96,158
g0607.asc,7,1,1,9051128,9051134,8,975.5,518.2,994.8,519.3,0.38,65
g0607.asc,7,1,2,9051124,9051138,16,968.4,509.7,1009.2,517.3,0.82,75
g0607.asc,7,1,1,9051268,9051274,8,1009.4,490.1,993.6,490.4,0.31,68
g0607.asc,7,1,2,9051264,9051278,16,1001.8,509.1,959.6,512.8,0.84,68
g0607.asc,7,1,2,9052316,9052338,24,951.2,519.0,1038.8,508.1,1.75,121
g0607.asc,7,1,1,9052320,9052342,24,987.0,497.9,1063.3,491.2,1.51,95
g0607.asc,7,1,1,9052500,9052526,28,1096.0,505.7,979.5,523.2,2.33,107
g0607.asc,7,1,2,9052500,9052526,28,1096.9,500.3,965.6,517.1,2.62,138
g0607.asc,7,1,1,9052696,9052706,12,942.2,532.2,962.0,526.4,0.41,51
g0607.asc,7,1,2,9052696,9052706,12,933.3,537.2,958.4,531.4,0.51,64
g0607.asc,7,1,1,9052820,9052894,76,978.4,506.8,268.7,552.0,13.46,250
g0607.asc,7,1,2,9052820,9052898,80,963.6,525.7,242.3,459.8,13.71,271
g0607.asc,7,1,1,9053092,9053134,44,241.5,548.7,682.8,473.1,8.44,304
g0607.asc,7,1,2,9053092,9053134,44,261.3,464.7,693.6,444.2,8.12,323
g0607.asc,7,1,2,9053264,9053290,28,729.9,460.3,921.6,507.2,3.90,229
g0607.asc,7,1,1,9053264,9053294,32,731.4,490.4,934.7,518.2,4.03,244
g0607.asc,7,1,1,9053500,9053510,12,968.3,515.6,1007.9,516.4,0.78,98
g0607.asc,7,1,2,9053496,9053514,20,957.2,524.9,1022.6,528.3,1.29,109
g0607.asc,7,2,1,9053676,9053722,48,1009.0,512.7,1517.7,569.6,10.00,332
g0607.asc,7,2,2,9053676,9053722,48,1018.0,523.0,1571.4,544.1,10.81,370
g0607.asc,7,2,1,9053840,9053846,8,1507.9,559.6,1496.0,561.8,0.24,50
g0607.asc,7,2,2,9053840,9053850,12,1556.7,542.7,1528.2,549.6,0.57,72
g0607.asc,7,2,1,9054020,9054082,64,1491.9,565.5,410.8,594.3,20.48,532
g0607.asc,7,2,2,9054024,9054086,64,1521.9,559.5,367.1,607.8,21.85,558
g0607.asc,7,2,2,9054260,9054270,12,359.8,605.8,363.1,578.5,0.59,73
g0607.asc,7,2,2,9054456,9054522,68,361.3,570.1,1587.6,655.8,23.08,550
g0607.asc,7,2,1,9054456,9054526,72,374.8,565.3,1526.7,661.0,21.73,511
g0607.asc,7,2,1,9054720,9054730,12,1533.5,538.9,1496.8,532.2,0.72,91
g0607.asc,7,2,2,9054720,9054730,12,1547.0,580.5,1507.5,578.9,0.76,96
g0607.asc,7,2,1,9054824,9054898,76,1477.7,549.2,305.0,660.7,22.11,482
g0607.asc,7,2,2,9054824,9054898,76,1496.4,581.0,293.1,584.4,22.55,507
g0607.asc,7,2,1,9055028,9055042,16,333.6,587.1,395.6,575.0,1.17,109
g0607.asc,7,2,2,9055028,9055042,16,317.0,588.8,389.1,583.5,1.33,121
g0607.asc,7,2,1,9055152,9055210,60,393.5,608.3,1287.4,586.3,16.98,449
g0607.asc,7,2,2,9055152,9055210,60,409.9,575.5,1338.1,615.6,17.65,469
g0607.asc,8,1,2,9063838,9063844,8,954.5,560.1,944.3,560.3,0.20,50
g0607.asc,8,1,2,9066278,9066324,48,953.7,554.2,1398.5,551.4,8.72,254
g0607.asc,8,1,1,9066278,9066328,52,977.4,534.3,1396.2,578.1,8.27,235
g0607.asc,8,2,1,9066490,9066504,16,1418.9,593.0,1476.9,612.6,1.20,105
g0607.asc,8,2,2,9066486,9066504,20,1426.1,564.7,1491.8,589.1,1.38,100
g0607.asc,8,2,1,9066654,9066720,68,1487.8,606.9,410.5,623.0,20.35,506
g0607.asc,8,2,2,9066654,9066724,72,1494.8,588.8,335.8,605.0,21.89,500
g0607.asc,8,2,1,9067038,9067108,72,422.3,561.1,1598.0,638.4,22.16,507
g0607.asc,8,2,2,9067038,9067120,84,361.5,622.2,1574.4,615.5,22.84,578
g0607.asc,8,2,1,9067262,9067272,12,1557.5,539.8,1529.3,533.8,0.56,70
g0607.asc,8,2,2,9067262,9067272,12,1540.6,619.3,1508.2,611.0,0.65,81
g0607.asc,8,2,2,9067446,9067592,148,1509.4,616.1,447.4,619.9,20.09,612
g0607.asc,8,2,1,9067438,9067596,160,1518.6,593.9,454.5,650.2,20.17,727
g0607.asc,8,2,1,9067738,9067756,20,485.2,510.1,410.2,529.4,1.45,128
g0607.asc,8,2,2,9067742,9067756,16,428.9,646.1,355.4,641.1,1.37,130
g0607.asc,9,0,2,9077244,9077258,16,984.0,533.2,1006.3,527.1,0.46,57
g0607.asc,9,1,1,9077460,9077466,8,966.8,583.2,957.6,589.0,0.22,47
g0607.asc,9,1,2,9077460,9077466,8,989.9,517.3,979.8,520.8,0.21,46
g0607.asc,9,2,1,9080512,9080558,48,971.6,589.0,1445.5,629.9,9.29,293
g0607.asc,9,2,2,9080508,9080558,52,957.3,554.3,1473.6,574.4,10.08,320
g0607.asc,9,2,2,9080712,9080726,16,1471.9,564.6,1513.2,570.1,0.81,71
g0607.asc,9,2,1,9080716,9080730,16,1462.2,613.6,1503.1,622.9,0.82,78
g0607.asc,9,2,1,9080832,9080898,68,1504.3,617.6,420.0,647.4,20.55,495
g0607.asc,9,2,2,9080832,9080902,72,1512.8,568.1,379.1,574.3,21.47,505
g0607.asc,9,2,2,9081172,9081242,72,402.8,585.6,1510.5,624.6,20.94,482
g0607.asc,9,2,1,9081160,9081246,88,419.1,639.0,1468.1,710.0,19.87,431
g0607.asc,9,2,1,9081428,9081434,8,1484.7,596.4,1499.7,595.3,0.29,60
g0607.asc,9,2,2,9081424,9081438,16,1493.7,614.5,1523.2,589.5,0.79,81
g0607.asc,9,2,1,9081568,9081638,72,1513.1,660.5,263.5,797.7,23.43,534
g0607.asc,9,2,2,9081568,9081638,72,1526.0,587.0,277.6,599.9,23.23,530
g0607.asc,9,2,1,9081760,9081782,24,323.3,687.6,431.2,647.7,2.16,142
g0607.asc,9,2,2,9081764,9081782,20,308.9,619.7,411.0,591.5,1.97,155
g0607.asc,9,2,2,9081916,9082030,116,441.0,590.1,1573.6,1060.8,22.84,446
g0607.asc,9,2,2,9082048,9082110,64,1588.5,1023.0,1466.6,635.6,8.23,388
g0607.asc,9,2,1,9081904,9082126,224,400.7,739.5,1386.9,741.2,18.64,193
g0607.asc,10,1,1,9089710,9089724,16,949.8,440.4,915.8,450.3,0.71,63
g0607.asc,10,1,2,9089710,9089724,16,923.6,555.3,880.0,553.0,0.86,77
g0607.asc,10,2,1,9091022,9091064,44,953.7,483.3,1399.8,524.0,8.81,305
g0607.asc,10,2,2,9091018,9091064,48,936.4,536.7,1427.8,541.5,9.65,345
g0607.asc,10,2,1,9091186,9091200,16,1412.8,548.8,1458.4,576.5,1.08,97
g0607.asc,10,2,2,9091186,9091200,16,1443.8,543.7,1488.7,574.6,1.11,98
g0607.asc,10,2,1,9091314,9091376,64,1465.0,583.4,416.5,606.3,19.92,509
g0607.asc,10,2,2,9091314,9091380,68,1493.9,585.1,386.7,556.9,21.04,520
g0607.asc,10,2,1,9091622,9091692,72,429.7,573.8,1500.4,619.5,20.32,472
g0607.asc,10,2,2,9091622,9091692,72,408.3,582.4,1541.3,611.0,21.49,541
g0607.asc,10,2,2,9091866,9091964,100,1520.8,622.9,287.8,575.6,23.00,371
g0607.asc,10,2,1,9091866,9091992,128,1471.3,670.9,285.0,683.6,22.22,373
g0607.asc,10,2,2,9092138,9092160,24,310.7,537.7,494.4,554.4,3.44,238
g0607.asc,10,2,1,9092138,9092164,28,324.7,582.1,498.8,581.5,3.24,241
g0607.asc,10,2,1,9092282,9092332,52,482.9,581.6,1153.9,514.0,13.03,390
g0607.asc,10,2,2,9092278,9092332,56,467.9,579.9,1170.9,526.2,13.60,409
g0607.asc,11,2,1,9100594,9100640,48,983.6,512.7,1457.2,575.0,9.40,322
g0607.asc,11,2,2,9100594,9100640,48,957.1,538.4,1479.1,557.3,10.25,364
g0607.asc,11,2,1,9100754,9100764,12,1469.3,603.5,1503.9,616.0,0.72,90
g0607.asc,11,2,2,9100754,9100764,12,1498.3,577.7,1525.7,589.0,0.59,73
g0607.asc,11,2,1,9100846,9100912,68,1507.1,617.6,393.0,640.3,21.03,546
g0607.asc,11,2,2,9100846,9100916,72,1528.4,596.5,355.3,605.3,22.16,569
g0607.asc,11,2,1,9101126,9101176,52,414.0,640.6,410.8,849.9,4.39,149
g0607.asc,11,2,2,9101150,9101212,64,405.8,606.7,495.8,802.4,4.41,155
g0607.asc,11,2,2,9101238,9101272,36,450.1,758.2,536.6,575.7,4.15,170
g0607.asc,11,2,1,9101202,9101300,100,429.1,848.8,495.8,634.1,4.72,193
g0607.asc,11,2,1,9101374,9101436,64,528.1,550.9,1498.2,671.3,18.75,520
g0607.asc,11,2,2,9101374,9101436,64,526.9,477.3,1552.8,611.7,19.85,540
g0607.asc,11,2,2,9101538,9101724,188,1554.0,641.7,990.3,524.2,11.25,410
g0607.asc,11,2,1,9101538,9101728,192,1489.4,711.4,948.4,586.8,10.86,379
g0607.asc,12,1,2,9108410,9108416,8,968.3,563.4,978.7,565.9,0.21,42
g0607.asc,12,2,2,9110970,9111016,48,960.9,559.8,1464.9,580.3,9.88,323
g0607.asc,12,2,1,9110974,9111020,48,992.9,507.6,1460.0,569.3,9.25,293
g0607.asc,12,2,2,9111178,9111188,12,1478.3,579.8,1501.2,585.2,0.46,58
g0607.asc,12,2,1,9111182,9111192,12,1480.5,549.9,1503.9,559.1,0.50,62
g0607.asc,12,2,1,9111270,9111332,64,1509.0,565.5,419.3,581.8,20.66,531
g0607.asc,12,2,2,9111270,9111336,68,1511.5,591.5,373.4,583.2,21.58,526
g0607.asc,12,2,2,9111650,9111680,32,382.7,577.7,441.2,586.0,1.10,129
g0607.asc,12,2,1,9111654,9111684,32,427.2,581.9,434.3,621.5,0.85,93
g0607.asc,12,2,1,9111738,9111792,56,454.9,650.7,319.8,837.0,4.61,144
g0607.asc,12,2,2,9111758,9111792,36,440.3,638.2,335.2,676.6,2.08,99
g0607.asc,12,2,1,9111882,9112072,192,244.4,816.6,1000.4,528.5,15.47,248
g0607.asc,12,2,2,9111878,9112076,200,262.4,618.0,1022.1,472.0,14.62,296
g0607.asc,13,2,1,9127598,9127628,32,993.6,587.2,1199.3,591.3,4.05,182
g0607.asc,13,2,2,9127594,9127632,40,970.5,550.3,1245.5,538.7,5.41,220
g0607.asc,13,2,1,9127734,9127760,28,1242.5,588.0,1446.4,669.1,4.34,253
g0607.asc,13,2,2,9127734,9127764,32,1255.1,538.7,1469.2,601.8,4.38,213
g0607.asc,13,2,1,9128010,9128072,64,1479.5,650.9,458.5,646.9,19.36,507
g0607.asc,13,2,2,9128010,9128072,64,1477.7,595.2,403.7,560.2,20.37,499
g0607.asc,13,2,1,9128230,9128244,16,450.9,598.7,409.1,609.8,0.81,73
g0607.asc,13,2,2,9128234,9128244,12,392.4,570.9,355.6,575.9,0.69,86
g0607.asc,13,2,1,9128394,9128468,76,402.7,665.9,1596.4,780.3,22.42,491
g0607.asc,13,2,2,9128394,9128472,80,370.8,580.7,1613.5,608.7,23.24,551
g0607.asc,13,2,1,9128602,9128656,56,1575.8,702.4,1161.2,670.7,8.03,312
g0607.asc,13,2,2,9128606,9128656,52,1577.6,612.1,1122.1,584.0,8.81,307
g0607.asc,14,2,1,9137812,9137858,48,956.7,584.3,1491.1,666.8,10.53,366
g0607.asc,14,2,2,9137808,9137858,52,962.6,532.7,1522.9,585.6,10.94,379
g0607.asc,14,2,1,9138048,9138114,68,1480.3,643.1,348.3,683.6,21.30,516
g0607.asc,14,2,2,9138048,9138118,72,1508.3,578.0,340.4,537.4,21.99,528
g0607.asc,14,2,2,9138396,9138522,128,386.8,569.8,1367.0,1023.3,20.33,356
g0607.asc,14,2,2,9138564,9138618,56,1274.0,1008.1,1312.7,678.1,6.72,196
g0607.asc,14,2,1,9138384,9138654,272,354.9,675.0,1190.5,732.7,15.86,260
g0607.asc,14,2,2,9138696,9138730,36,1287.8,521.2,1552.7,571.6,5.24,243
g0607.asc,14,2,1,9138700,9138734,36,1228.7,668.2,1503.9,709.6,5.40,263
g0607.asc,14,2,1,9138844,9138910,68,1500.4,717.1,557.4,757.9,17.97,462
g0607.asc,14,2,2,9138844,9138914,72,1547.5,585.0,575.6,555.3,18.51,424
g0607.asc,15,1,2,9146466,9146700,236,1475.9,823.1,1047.1,649.6,8.92,330
g0607.asc,15,1,1,9146466,9146716,252,1369.4,974.4,961.9,814.4,8.47,188
g0607.asc,15,1,1,9146798,9146808,12,993.0,653.3,1029.8,627.8,0.92,115
g0607.asc,15,1,2,9146794,9146808,16,1066.6,515.3,1117.1,502.8,1.03,102
g0607.asc,15,1,2,9146846,9146860,16,1103.7,497.7,1051.9,503.2,1.03,98
g0607.asc,15,1,1,9146942,9146952,12,989.8,518.1,945.9,515.6,0.87,108
g0607.asc,15,1,2,9146938,9146956,20,1040.8,513.5,956.9,532.2,1.70,127
g0607.asc,15,2,2,9149738,9149780,44,945.7,572.8,1452.8,583.4,9.94,348
g0607.asc,15,2,1,9149738,9149784,48,984.3,446.4,1465.2,517.3,9.54,310
g0607.asc,15,2,1,9149918,9149928,12,1486.0,513.5,1514.3,520.9,0.57,71
g0607.asc,15,2,2,9149914,9149928,16,1473.1,590.8,1512.2,601.1,0.79,69
g0607.asc,15,2,1,9150042,9150112,72,1526.0,517.7,430.5,529.0,20.71,543
g0607.asc,15,2,2,9150046,9150112,68,1512.0,605.1,341.8,602.4,22.14,542
g0607.asc,15,2,2,9150342,9150412,72,355.9,606.8,1584.7,633.1,23.17,552
g0607.asc,15,2,1,9150342,9150416,76,431.1,492.7,1583.7,560.9,21.78,498
g0607.asc,15,2,2,9150530,9150620,92,1556.8,635.2,31.0,614.2,27.82,459
g0607.asc,15,2,1,9150530,9150628,100,1555.8,529.2,125.7,603.8,26.19,430
g0607.asc,15,2,1,9150678,9150708,32,146.3,504.4,451.3,399.4,5.96,373
g0607.asc,15,2,2,9150678,9150720,44,60.5,654.5,335.2,642.5,4.97,386
g0607.asc,15,2,1,9150846,9150868,24,438.5,414.0,429.7,500.5,1.86,112
g0607.asc,15,2,1,9150902,9150956,56,395.2,517.7,785.9,454.6,7.52,295
g0607.asc,15,2,2,9150894,9150956,64,368.7,631.6,736.9,624.5,6.98,300
g0607.asc,16,1,2,9159306,9159316,12,916.4,562.4,935.1,569.9,0.41,51
g0607.asc,16,1,1,9159310,9159316,8,1000.7,369.4,1009.1,376.5,0.23,46
g0607.asc,16,2,1,9160374,9160416,44,991.0,435.2,1513.1,500.0,10.32,339
g0607.asc,16,2,2,9160370,9160416,48,921.0,558.1,1502.5,554.8,11.38,392
g0607.asc,16,2,1,9160654,9160720,68,1522.9,508.8,437.0,531.3,20.59,513
g0607.asc,16,2,2,9160654,9160724,72,1493.8,556.7,319.7,587.5,22.27,535
g0607.asc,16,2,2,9160970,9161072,104,353.4,592.9,1382.1,844.7,20.01,398
g0607.asc,16,2,2,9161110,9161164,56,1374.7,877.3,1402.7,592.3,6.04,229
g0607.asc,16,2,1,9160962,9161188,228,427.6,548.8,1415.5,543.7,18.76,239
g0607.asc,16,2,1,9161242,9161316,76,1430.4,459.9,295.0,480.3,21.37,440
g0607.asc,16,2,2,9161242,9161320,80,1409.9,549.4,181.0,584.8,23.13,464
g0607.asc,16,2,1,9161446,9161468,24,314.5,448.5,454.6,448.8,2.58,179
g0607.asc,16,2,2,9161446,9161468,24,216.5,605.0,367.3,594.8,2.79,180
g0607.asc,16,2,2,9161534,9161760,228,407.6,572.8,800.8,568.9,7.48,413
g0607.asc,16,2,1,9161510,9161764,256,450.9,511.8,832.5,517.7,7.28,384
g0607.asc,17,1,2,9169206,9169212,8,941.4,543.9,953.8,543.8,0.24,46
g0607.asc,17,1,2,9170658,9170672,16,973.3,527.7,943.5,530.1,0.59,55
g0607.asc,17,2,1,9170886,9170932,48,996.3,494.9,1503.7,557.6,10.02,315
g0607.asc,17,2,2,9170886,9170932,48,943.4,534.7,1511.8,549.3,11.12,354
g0607.asc,17,2,1,9171214,9171276,64,1544.1,551.4,464.3,535.3,20.53,528
g0607.asc,17,2,2,9171214,9171284,72,1528.3,566.4,357.7,562.7,22.21,529
g0607.asc,17,2,1,9171506,9171604,100,425.5,592.3,1331.7,763.9,17.55,335
g0607.asc,17,2,2,9171518,9171604,88,398.7,563.5,1352.4,675.9,18.20,330
g0607.asc,17,2,1,9171714,9171768,56,1314.7,584.2,661.8,543.6,12.66,351
g0607.asc,17,2,2,9171714,9171772,60,1322.5,586.4,588.0,559.8,14.22,379
g0607.asc,17,2,1,9171978,9171992,16,680.9,495.5,722.1,487.8,0.81,71
g0607.asc,17,2,2,9171978,9171992,16,595.7,556.9,640.4,550.3,0.87,85
g0607.asc,18,1,1,9183876,9183890,16,996.4,589.6,962.9,601.8,0.71,65
g0607.asc,18,1,2,9183880,9183890,12,1025.5,538.8,1000.2,543.6,0.51,64
g0607.asc,18,2,1,9186960,9187010,52,952.9,527.8,1471.3,604.8,10.28,330
g0607.asc,18,2,2,9186960,9187010,52,953.7,556.8,1509.9,585.9,10.89,320
g0607.asc,18,2,1,9187272,9187330,60,1478.4,578.1,422.7,599.6,20.04,523
g0607.asc,18,2,2,9187268,9187334,68,1500.5,582.8,370.8,566.3,21.42,555
g0607.asc,18,2,2,9187928,9187994,68,393.9,561.4,1565.1,573.4,22.08,586
g0607.asc,18,2,1,9187924,9187998,76,394.8,649.6,1539.5,703.8,21.61,537
g0607.asc,18,2,1,9188152,9188238,88,1505.4,689.2,481.0,860.7,19.73,489
g0607.asc,18,2,2,9188152,9188242,92,1543.3,575.7,534.2,557.0,19.12,452
g0607.asc,19,1,1,9195354,9195368,16,993.3,603.0,962.6,593.6,0.64,66
g0607.asc,19,1,2,9195354,9195368,16,1020.2,558.0,980.5,547.9,0.81,74
g0607.asc,19,1,1,9196106,9196112,8,967.1,561.3,979.9,563.3,0.26,57
g0607.asc,19,1,2,9196102,9196112,12,961.7,555.7,982.3,565.8,0.46,58
g0607.asc,19,2,2,9198422,9198468,48,960.9,528.3,1505.3,540.1,10.63,372
g0607.asc,19,2,1,9198422,9198472,52,952.4,621.5,1471.4,683.2,10.22,333
g0607.asc,19,2,2,9198598,9198612,16,1503.3,557.2,1532.3,586.8,0.85,76
g0607.asc,19,2,1,9198602,9198616,16,1473.2,672.0,1514.0,689.6,0.87,83
g0607.asc,19,2,1,9198726,9198792,68,1517.1,696.5,369.0,760.8,21.64,514
g0607.asc,19,2,2,9198730,9198796,68,1528.1,596.2,339.2,569.2,22.36,521
g0607.asc,19,2,1,9198962,9198984,24,381.3,724.7,514.9,707.2,2.52,165
g0607.asc,19,2,2,9198962,9198984,24,362.7,583.6,512.4,567.3,2.81,200
g0607.asc,19,2,1,9199030,9199112,84,522.6,719.2,1287.1,824.3,14.80,289
g0607.asc,19,2,2,9199038,9199112,76,523.5,553.8,1320.5,590.4,15.27,300
g0607.asc,19,2,1,9199154,9199160,8,1295.6,764.6,1295.6,750.1,0.31,65
g0607.asc,20,1,2,9208642,9208652,12,982.5,525.6,964.2,522.4,0.37,46
g0607.asc,20,2,1,9211818,9211864,48,950.4,448.2,1489.8,500.2,10.74,344
g0607.asc,20,2,2,9211814,9211864,52,928.2,547.6,1509.6,544.7,11.51,355
g0607.asc,20,2,1,9212150,9212216,68,1499.9,528.6,384.2,542.6,21.33,527
g0607.asc,20,2,2,9212150,9212220,72,1494.7,584.7,287.0,555.8,23.08,546
g0607.asc,20,2,1,9212374,9212380,8,388.6,495.3,402.5,493.6,0.26,60
g0607.asc,20,2,2,9212370,9212384,16,305.9,563.7,344.3,562.4,0.72,64
g0607.asc,20,2,2,9212518,9212580,64,378.9,546.5,737.7,513.9,6.92,202
g0607.asc,20,2,2,9212606,9212620,16,734.2,499.4,773.9,483.5,0.86,82
g0607.asc,20,2,1,9212494,9212624,132,406.0,537.2,775.8,600.9,7.27,204
g0607.asc,20,2,2,9212694,9212708,16,758.8,496.6,699.4,507.0,1.20,108
g0607.asc,20,2,1,9212862,9212876,16,778.1,334.0,811.1,348.4,0.73,69
g0607.asc,20,2,2,9212866,9212876,12,729.9,543.3,764.1,543.2,0.68,85
